internalTaxonId,scientificName,kingdomName,phylumName,className,orderName,familyName,genusName,speciesName,infraType,infraName,infraAuthority,subpopulationName,authority,taxonomicNotes
13013,Megupsilon aporus,ANIMALIA,CHORDATA,ACTINOPTERYGII,CYPRINODONTIFORMES,CYPRINODONTIDAE,Megupsilon,aporus,,,,,"Miller &amp; Walters, 1972",
14556,Neoplanorbis tantillus,ANIMALIA,MOLLUSCA,GASTROPODA,HYGROPHILA,PLANORBIDAE,Neoplanorbis,tantillus,,,,,"Pilsbry, 1906",
14882,Notropis aulidion,ANIMALIA,CHORDATA,ACTINOPTERYGII,CYPRINIFORMES,LEUCISCIDAE,Notropis,aulidion,,,,,"Chernoff &amp; Miller, 1986",
177724,Stagnicola pilsbryi,ANIMALIA,MOLLUSCA,GASTROPODA,HYGROPHILA,LYMNAEIDAE,Stagnicola,pilsbryi,,,,,"Hemphill, 1890","Jackiewicz (1998) states that there are several problems concerning the  nomenclature of the family Lymnaeidae, and that there is probably no  other snail group in such taxonomical disarray. <em>Stagnicola</em> has been used as a synonym for <em>Lymnaea</em> by various authors, and as a subgenus of <em>Lymnaea</em> by others (Ponder and Waterhouse 1997, Vinarski 2003, NatureServe 2009). Hovingh (1993) lists this species as <em>Lymnaea (Stagnicola) pilsbryi</em>, whereas NatureServe (2009) name it <em>Stagnicola pilsbryi</em>. Dillon (2009) suggests that <em>Lymnaea pilsbryi</em> is a synonym of <em>Lymnaea humilis,</em> but this is neither supported or denied in other literature. <em>Stagnicola</em>&#160;is used by Turgeon <em>et al.</em> (1998) in the most recent list. However, Hubendick (1951) used<em> Lymnaea</em>. For the purpose of this assessment, we follow the taxonomy used by NatureServe."
179630,Kalanchoe fadeniorum,PLANTAE,TRACHEOPHYTA,MAGNOLIOPSIDA,SAXIFRAGALES,CRASSULACEAE,Kalanchoe,fadeniorum,,,,,Raadts,
191116,Atherinella callida,ANIMALIA,CHORDATA,ACTINOPTERYGII,ATHERINIFORMES,ATHERINOPSIDAE,Atherinella,callida,,,,,"Chernoff, 1986",
191696,Allotoca goslinei,ANIMALIA,CHORDATA,ACTINOPTERYGII,CYPRINODONTIFORMES,GOODEIDAE,Allotoca,goslinei,,,,,"Smith &amp; Miller, 1987","The Holotype of this species was collected together with Paratopotypes by Robert Miller and others in February 1976 from the Río (Potrero) Grande, about 9.6km W of the town of Ameca. Several Paratypes go back to collections from the type location in 1957 and 1971, one single male to a collection of R. Vrijenhoek and M. Douglas from a bridge over the Río Ameca (precisely: Río Cuisillos), 1km E of the estación Pacana, SE of the Presa La Vega, in 1981. No subpopulations are distinguished."
195373,Acalypha dikuluwensis,PLANTAE,TRACHEOPHYTA,MAGNOLIOPSIDA,MALPIGHIALES,EUPHORBIACEAE,Acalypha,dikuluwensis,,,,,P.A. Duvign. &amp; Dewit,
195376,Basananthe cupricola,PLANTAE,TRACHEOPHYTA,MAGNOLIOPSIDA,MALPIGHIALES,PASSIFLORACEAE,Basananthe,cupricola,,,,,Robyns ex G.A. Levin,
197874,Macrobrachium leptodactylus,ANIMALIA,ARTHROPODA,MALACOSTRACA,DECAPODA,PALAEMONIDAE,Macrobrachium,leptodactylus,,,,,"(De Man, 1892a)","Ou and Yeo (1995) consider that <span style=""font-style: italic;"">Macrobrachium leptodactylus</span> is a synonym of <span style=""font-style: italic;"">M. pilimanus</span>."
199495,Margatteoidea amoena,ANIMALIA,ARTHROPODA,INSECTA,BLATTODEA,BLATTELLIDAE,Margatteoidea,amoena,,,,,"(Bolivar, 1924)",
199821,Acalypha wilderi,PLANTAE,TRACHEOPHYTA,MAGNOLIOPSIDA,MALPIGHIALES,EUPHORBIACEAE,Acalypha,wilderi,,,,,Merr.,
201472,Eucarlia alluaudi,ANIMALIA,ARTHROPODA,DIPLOPODA,SPIROBOLIDA,PACHYBOLIDAE,Eucarlia,alluaudi,,,,,"(Brolemann, 1896)",
201484,Orthomorpha crinita,ANIMALIA,ARTHROPODA,DIPLOPODA,POLYDESMIDA,PARADOXOSOMATIDAE,Orthomorpha,crinita,,,,,"Attems, 1900",
20285,Skiffia francesae,ANIMALIA,CHORDATA,ACTINOPTERYGII,CYPRINODONTIFORMES,GOODEIDAE,Skiffia,francesae,,,,,"Kingston, 1978","The types Kingston used for her description of <em>Skiffia francesae</em>&#160;(1978) were collected by Miller and Fitzsimons in 1970 from the Río Teuchitlán E of Teuchitlán. Two decades later, in 2006, a stock of <em>Skiffia </em>was found in the Molino pond near Cuyacapán, Laguna de Sayula drainage. Fish from this locality are regarded to belong to the Golden Skiffia. According to these two drainages, two subpopulations are recognized: The Upper Río Ameca subpopulation (type subpopulation) and the Laguna de Sayula subpopulation. Both are regarded Extinct in the Wild."
21120,Stypodon signifer,ANIMALIA,CHORDATA,ACTINOPTERYGII,CYPRINIFORMES,LEUCISCIDAE,Stypodon,signifer,,,,,"Garman, 1881",
21250,Syncaris pasadenae,ANIMALIA,ARTHROPODA,MALACOSTRACA,DECAPODA,ATYIDAE,Syncaris,pasadenae,,,,,"(Kingsley, 1897)",
23158,Xiphophorus meyeri,ANIMALIA,CHORDATA,ACTINOPTERYGII,CYPRINODONTIFORMES,POECILIIDAE,Xiphophorus,meyeri,,,,,"Schartl &amp; Schröder, 1988",
39158,Flabellidium spinosum,PLANTAE,BRYOPHYTA,BRYOPSIDA,HYPNALES,BRACHYTHECIACEAE,Flabellidium,spinosum,,,,,Herzog,
43923,Oldenlandia adscensionis,PLANTAE,TRACHEOPHYTA,MAGNOLIOPSIDA,GENTIANALES,RUBIACEAE,Oldenlandia,adscensionis,,,,,(DC.) Cronk,
43927,Sporobolus durus,PLANTAE,TRACHEOPHYTA,LILIOPSIDA,POALES,POACEAE,Sporobolus,durus,,,,,Brongn.,
4530,Characodon garmani,ANIMALIA,CHORDATA,ACTINOPTERYGII,CYPRINODONTIFORMES,GOODEIDAE,Characodon,garmani,,,,,"Jordan &amp; Evermann, 1898","Garman reported a single female collected by E. Palmer in the early 1890's from a spring or endorheic stream near Parras, Coahuila, but regarded it as <em>Characodon lateralis</em>. Jordan and Evermann, however, restricted <em>lateralis</em> to Central America following the designation given by Günther and renamed this individual from Parras <em>Characodon garmani</em> without examinating it. Meek again used the name <em>Characodon garmani</em> for individuals from the Mezquital river, too, as the name <em>Characodon lateralis </em>was occupied for fish from ""lowland streams from Central America, north to the state of Jalisco"". This directly led to Regan synonymizing both species as <em>Characodon lateralis,&#160;</em>as he couldn't find any difference between them (as, except for this single female, all fish came from the Mezquital drainage). Finally, it was Smith and Miller (1983) who re-examined the Holotype of <em>garmani</em> and accepted the species as valid."
6144,Cyprinodon alvarezi,ANIMALIA,CHORDATA,ACTINOPTERYGII,CYPRINODONTIFORMES,CYPRINODONTIDAE,Cyprinodon,alvarezi,,,,,"Miller, 1976",
6174,Cyprinodon longidorsalis,ANIMALIA,CHORDATA,ACTINOPTERYGII,CYPRINODONTIFORMES,CYPRINODONTIDAE,Cyprinodon,longidorsalis,,,,,"Lozano-Vilano &amp; Contreras-Balderas, 1993",
6175,Cyprinodon veronicae,ANIMALIA,CHORDATA,ACTINOPTERYGII,CYPRINODONTIFORMES,CYPRINODONTIDAE,Cyprinodon,veronicae,,,,,"Lozano-Vilano &amp; Contreras-Balderas, 1993",
6176,Cyprinodon inmemoriam,ANIMALIA,CHORDATA,ACTINOPTERYGII,CYPRINODONTIFORMES,CYPRINODONTIDAE,Cyprinodon,inmemoriam,,,,,"Lozano-Vilano &amp; Contreras-Balderas, 1993",
6177,Cyprinodon ceciliae,ANIMALIA,CHORDATA,ACTINOPTERYGII,CYPRINODONTIFORMES,CYPRINODONTIDAE,Cyprinodon,ceciliae,,,,,"Lozano-Vilano &amp; Contreras-Balderas, 1993",
7589,Elimia clausa,ANIMALIA,MOLLUSCA,GASTROPODA,SORBEOCONCHA,PLEUROCERIDAE,Elimia,clausa,,,,,"(Lea, 1861)",
7595,Elimia pilsbryi,ANIMALIA,MOLLUSCA,GASTROPODA,SORBEOCONCHA,PLEUROCERIDAE,Elimia,pilsbryi,,,,,"(Goodrich, 1927)","This has been recognised as a subspecies of <i>Elimia catonaria</i>.  But is in AFS list.  A. Bogan comments that other subspecies are also present:  <i>E. pastelli</i> (Lea, 1858)."
8432,Evarra eigenmanni,ANIMALIA,CHORDATA,ACTINOPTERYGII,CYPRINIFORMES,LEUCISCIDAE,Evarra,eigenmanni,,,,,"Woolman, 1894",
11459,Leiostyla lamellosa,ANIMALIA,MOLLUSCA,GASTROPODA,STYLOMMATOPHORA,LAURIIDAE,Leiostyla,lamellosa,,,,,"Lowe, 1852",
133711,Senecio leucopeplus,PLANTAE,TRACHEOPHYTA,MAGNOLIOPSIDA,ASTERALES,ASTERACEAE,Senecio,leucopeplus,,,,,Cabrera,
136721,Bos primigenius,ANIMALIA,CHORDATA,MAMMALIA,CETARTIODACTYLA,BOVIDAE,Bos,primigenius,,,,,"Bojanus, 1827","The International Commission on Zoological Nomenclature (2003) ruled that the name <em>Bos primigenius</em> for this wild species is not invalid by virtue of being antedated by the name based on the domestic form. Therefore, IUCN considers the wild species of Aurochs under the name <em>Bos primigenius</em>, while the domestic forms of cattle are considered under <em>Bos taurus</em> (see Gentry <em>et al</em>. 2004). Grubb (2005) lists <em>B. primigenius</em> as a subspecies of <em>B. taurus</em>, contrary to most authors, but we do not follow that arrangement here."
153621,Cambarellus chihuahuae,ANIMALIA,ARTHROPODA,MALACOSTRACA,DECAPODA,CAMBARIDAE,Cambarellus,chihuahuae,,,,,"Hobbs, 1980",
153825,Cambarellus alvarezi,ANIMALIA,ARTHROPODA,MALACOSTRACA,DECAPODA,CAMBARIDAE,Cambarellus,alvarezi,,,,,"Villalobos, 1952",
155726,Islamia ateni,ANIMALIA,MOLLUSCA,GASTROPODA,LITTORINIMORPHA,HYDROBIIDAE,Islamia,ateni,,,,,"(Boeters, 1969)",
155997,Bythinella gibbosa,ANIMALIA,MOLLUSCA,GASTROPODA,LITTORINIMORPHA,BYTHINELLIDAE,Bythinella,gibbosa,,,,,"(Moquin-Tandon, 1856)","There are taxonomic issues relating to identity of the species in the genus <span style=""font-style: italic;"">Bythinella</span>, but these can only be resolved with live specimens, and this species has not been recorded for over 50 years."
15867,Pacifastacus nigrescens,ANIMALIA,ARTHROPODA,MALACOSTRACA,DECAPODA,ASTACIDAE,Pacifastacus,nigrescens,,,,,"(Stimpson, 1857)",
165210,Viola cryana,PLANTAE,TRACHEOPHYTA,MAGNOLIOPSIDA,MALPIGHIALES,VIOLACEAE,Viola,cryana,,,,,Gillot,
165228,Bromus bromoideus,PLANTAE,TRACHEOPHYTA,LILIOPSIDA,POALES,POACEAE,Bromus,bromoideus,,,,,(Lej.) Crep.,
165247,Bromus interruptus,PLANTAE,TRACHEOPHYTA,LILIOPSIDA,POALES,POACEAE,Bromus,interruptus,,,,,(Hack.) Druce,"<span style=""font-style: italic;"">Bromus interruptus</span> (interrupted brome) almost  certainly arose in the 19th century as a new species through a major and sudden  genetic change (UK Biodiversity Group 1998)."
166049,Anabarilius macrolepis,ANIMALIA,CHORDATA,ACTINOPTERYGII,CYPRINIFORMES,XENOCYPRIDIDAE,Anabarilius,macrolepis,,,,,"Yih &amp; Wu, 1964",
168112,Pachnodus ladiguensis,ANIMALIA,MOLLUSCA,GASTROPODA,STYLOMMATOPHORA,CERASTIDAE,Pachnodus,ladiguensis,,,,,"Gerlach, 2003",
180996,Platytropius siamensis,ANIMALIA,CHORDATA,ACTINOPTERYGII,SILURIFORMES,HORABAGRIDAE,Platytropius,siamensis,,,,,"(Sauvage, 1883)",<em>Platytropius siamensis</em> was described from the Chao Phraya River in Bangkok (Sauvage 1883) as a species of <em>Pseudeutropius</em>. Hora (1937) subsequently erected the genus <em>Platytropius</em> for this species.
184612,Pseudamnicola singularis,ANIMALIA,MOLLUSCA,GASTROPODA,LITTORINIMORPHA,HYDROBIIDAE,Pseudamnicola,singularis,,,,,"Letourneux &amp; Bourguignat, 1887",The generic position is uncertain due to lack of anatomical data.
18979,Marstonia olivacea,ANIMALIA,MOLLUSCA,GASTROPODA,LITTORINIMORPHA,HYDROBIIDAE,Marstonia,olivacea,,,,,"Pilsbry, 1895","The genus <span style=""font-style: italic;"">Marstonia </span>was formerly relegated to the synonomy of <span style=""font-style: italic;"">Pyrgulopsis </span>by Hershler and Thompson (1987), but Thompson and Hershler (2002) later re-evaluated eastern North American species assigned to <span style=""font-style: italic;"">Pyrgulopsis </span>and recognized them as distinct species of the genus <span style=""font-style: italic;"">Marstonia</span>."
193438,Oeceoclades seychellarum,PLANTAE,TRACHEOPHYTA,LILIOPSIDA,ASPARAGALES,ORCHIDACEAE,Oeceoclades,seychellarum,,,,,(Rolfe ex Summerh.) Garay &amp; P.Taylor,
20745,Stenodus leucichthys,ANIMALIA,CHORDATA,ACTINOPTERYGII,SALMONIFORMES,SALMONIDAE,Stenodus,leucichthys,,,,,"(Güldenstädt, 1772)","<p>Caspian <em>Stenodus leucichthys</em> and Arctic <em>S. nelma </em>have been separated as two different species, based on differences in body shape and ecology. While they had potentially been two species, this might be impossible to verify today, as large numbers of <em>Stenodus nelma</em> had been introduced already in 1965 to the Volga and the two species might have hybridised. Molecular data show that both species/populations are very closely related today and strongly suggest to be treated as one species only.</p>"
21741,Thermosphaeroma thermophilum,ANIMALIA,ARTHROPODA,MALACOSTRACA,ISOPODA,SPHAEROMATIDAE,Thermosphaeroma,thermophilum,,,,,"Richardson, 1897",
30932,Kokia cookei,PLANTAE,TRACHEOPHYTA,MAGNOLIOPSIDA,MALVALES,MALVACEAE,Kokia,cookei,,,,,O.Deg.,
31636,Cnidoscolus fragrans,PLANTAE,TRACHEOPHYTA,MAGNOLIOPSIDA,MALPIGHIALES,EUPHORBIACEAE,Cnidoscolus,fragrans,,,,,(H.B. K.) Pohl,
32433,Ormosia howii,PLANTAE,TRACHEOPHYTA,MAGNOLIOPSIDA,FABALES,FABACEAE,Ormosia,howii,,,,,Merr. &amp; Chun ex H.Y.Chen,
32923,Sterculia khasiana,PLANTAE,TRACHEOPHYTA,MAGNOLIOPSIDA,MALVALES,MALVACEAE,Sterculia,khasiana,,,,,Debb. ex Biswas,
33796,Myrcia skeldingii,PLANTAE,TRACHEOPHYTA,MAGNOLIOPSIDA,MYRTALES,MYRTACEAE,Myrcia,skeldingii,,,,,Proctor,
35379,Chrysophyllum januariense,PLANTAE,TRACHEOPHYTA,MAGNOLIOPSIDA,ERICALES,SAPOTACEAE,Chrysophyllum,januariense,,,,,Eichler,"Descrita em: Eichler, A., 1870. Videnskabelige Meddelelser fra Dansk Naturhistorisk Forening i Kjøbenhavn 1870: 206.Popularmente conhecida por bapeba veludo (Lima, 2017)."
35903,Pouteria stenophylla,PLANTAE,TRACHEOPHYTA,MAGNOLIOPSIDA,ERICALES,SAPOTACEAE,Pouteria,stenophylla,,,,,Baehni,"Descrita em: Candollea 9: 390, 1942. É reconhecida pelas folhas estreitas e lineares, muitas vezes mais longas do que largas (Pennington, 1990). A espécie foi avaliada como Extinta (EX) na Lista Vermelha da IUCN (Pires O'Brien, J., 1998)."
35920,Pradosia glaziovii,PLANTAE,TRACHEOPHYTA,MAGNOLIOPSIDA,ERICALES,SAPOTACEAE,Pradosia,glaziovii,,,,,(Pierre) T.D.Penn.,
37821,Rhododendron kanehirai,PLANTAE,TRACHEOPHYTA,MAGNOLIOPSIDA,ERICALES,ERICACEAE,Rhododendron,kanehirai,,,,,Wilson,
40091,Pachnodus velutinus,ANIMALIA,MOLLUSCA,GASTROPODA,STYLOMMATOPHORA,CERASTIDAE,Pachnodus,velutinus,,,,,"(Pfeiffer, 1841)",
41027,Graecoanatolica macedonica,ANIMALIA,MOLLUSCA,GASTROPODA,LITTORINIMORPHA,HYDROBIIDAE,Graecoanatolica,macedonica,,,,,"Radoman &amp; Stanovic, 1978",
43993,Vanvoorstia bennettiana,PLANTAE,RHODOPHYTA,FLORIDEOPHYCEAE,CERAMIALES,DELESSERIACEAE,Vanvoorstia,bennettiana,,,,,(Harv.) Papenf.,"The genus <i>Vanvoorstia</i> contains three species. <i>Vanvoorstia spectabilis</i> and <i>V. coccinea</i> are common tropical (Indo-Pacific, including GBR) species, with the former also recorded from Lord Howe Island. While some confusion exists as to the exact differences between these two species (Price and Scott 1992), both are easily distinguished and considered very different from <i>V. bennettiana</i>, a very much smaller- and finer-meshed species in which the tetrasporangial stichidia are also easily defined.
<br>
<br>There are now four species. Eric Coppejans (pers. comm.) indicates that there is  a new species he described from East Africa which is probably Critically Endangered: <i>Vanvoorstia incipiens</i> De Clerck, Wynne & Coppejans (<i>Phycologia</i> 38 (1999): 394-400). This newly described species  occurs massively in a single (rather small) bay along the east coast of Zanzibar, at about low tide level (large amounts drifting or entangled to other seaweeds in intertidal pools). Coppejans carried out over 200 collecting excursions along the Kenyan, Tanzanian (incl. Zanzibar) coast and NEVER found a single specimen anywhere else than the type locality, where we find it again year after year. It doesn't occur in the neighbouring bays, which look ""identical"" to this one! If that bay would be disturbed (harbour, oil pollution, etc.) the only known (type) locality  would disappear and we would have a similar story there within the same genus!! Apparently some representatives do not succeed in colonizing larger areas!"
44074,Achyranthes atollensis,PLANTAE,TRACHEOPHYTA,MAGNOLIOPSIDA,CARYOPHYLLALES,AMARANTHACEAE,Achyranthes,atollensis,,,,,H.St.John,Treated by some as a variety under <i>A. splendens</i> (<i>Achyranthes splendens</i> var. <i>atollensis</i> (H. St. John) Govaerts) see <i>World Checklist of Seed Plants</i> 1(1): 6. 1995.
44109,Cyanea pinnatifida,PLANTAE,TRACHEOPHYTA,MAGNOLIOPSIDA,ASTERALES,CAMPANULACEAE,Cyanea,pinnatifida,,,,,(Cham.) E.Wimm.,
60792,Tristramella intermedia,ANIMALIA,CHORDATA,ACTINOPTERYGII,PERCIFORMES,CICHLIDAE,Tristramella,intermedia,,,,,"Steinitz &amp; Ben-Tuvia, 1959","Was previously included in <i>T. simonis</i>, but is valid as a separate species (N. Bogutskaya, pers. comm.)."
61394,Telestes ukliva,ANIMALIA,CHORDATA,ACTINOPTERYGII,CYPRINIFORMES,LEUCISCIDAE,Telestes,ukliva,,,,,"(Heckel, 1843)",
61365,Tristramella magdelainae,ANIMALIA,CHORDATA,ACTINOPTERYGII,PERCIFORMES,CICHLIDAE,Tristramella,magdelainae,,,,,"(Lortet, 1883)",
6179,Cyprinus yilongensis,ANIMALIA,CHORDATA,ACTINOPTERYGII,CYPRINIFORMES,CYPRINIDAE,Cyprinus,yilongensis,,,,,"Yang et al., 1977","<span class=""slabel""><span></span>"
63545,Begonia eiromischa,PLANTAE,TRACHEOPHYTA,MAGNOLIOPSIDA,CUCURBITALES,BEGONIACEAE,Begonia,eiromischa,,,,,Ridl.,
7863,Epioblasma arcaeformis,ANIMALIA,MOLLUSCA,BIVALVIA,UNIONIDA,UNIONIDAE,Epioblasma,arcaeformis,,,,,"(I. Lea, 1831)",Was listed in the 1996 IUCN Red List under the name <i>Dysnomia arcaeformis?</i>.
7864,Epioblasma biemarginata,ANIMALIA,MOLLUSCA,BIVALVIA,UNIONIDA,UNIONIDAE,Epioblasma,biemarginata,,,,,"(I. Lea, 1857)",Was listed in the 1996 IUCN Red List under the name <i>Dysnomia biemarginata?</i>.
780,Alasmidonta mccordi,ANIMALIA,MOLLUSCA,BIVALVIA,UNIONIDA,UNIONIDAE,Alasmidonta,mccordi,,,,,"Athearn, 1964","The current spelling of the specific name is correct. Clarke's (1985) spelling change, <em>Alasmidonta maccordi</em>, was unjustified and constituted a recommendation only (Turgeon <em>et al.</em> 1998). <br/><br/>A list of synonyms for this species can be found on The MUSSEL project web site  (Graf and Cummings 2011)."
202375,Cyprinodon arcuatus,ANIMALIA,CHORDATA,ACTINOPTERYGII,CYPRINODONTIFORMES,CYPRINODONTIDAE,Cyprinodon,arcuatus,,,,,"Minckley &amp; Miller, 2002",
7705,Empetrichthys merriami,ANIMALIA,CHORDATA,ACTINOPTERYGII,CYPRINODONTIFORMES,CYPRINODONTIDAE,Empetrichthys,merriami,,,,,"Gilbert, 1893",
54837,Nectophrynoides asperginis,ANIMALIA,CHORDATA,AMPHIBIA,ANURA,BUFONIDAE,Nectophrynoides,asperginis,,,,,"Poynton, Howell, Clarke &amp; Lovett, 1999",
8888,Gambusia amistadensis,ANIMALIA,CHORDATA,ACTINOPTERYGII,CYPRINODONTIFORMES,POECILIIDAE,Gambusia,amistadensis,,,,,"Peden, 1973",
8128,Etheostoma sellare,ANIMALIA,CHORDATA,ACTINOPTERYGII,PERCIFORMES,PERCIDAE,Etheostoma,sellare,,,,,"(Radcliffe & Welsh, 1913)",
8891,Gambusia georgei,ANIMALIA,CHORDATA,ACTINOPTERYGII,CYPRINODONTIFORMES,POECILIIDAE,Gambusia,georgei,,,,,"Hubbs & Peden, 1969",
17874,Pogonichthys ciscoides,ANIMALIA,CHORDATA,ACTINOPTERYGII,CYPRINIFORMES,LEUCISCIDAE,Pogonichthys,ciscoides,,,,,"Hopkirk, 1974",
73,Mirogrex hulensis,ANIMALIA,CHORDATA,ACTINOPTERYGII,CYPRINIFORMES,LEUCISCIDAE,Mirogrex,hulensis,,,,,"Goren, Fishelson &amp; Trewavas, 1973",
18384,Prototroctes oxyrhynchus,ANIMALIA,CHORDATA,ACTINOPTERYGII,OSMERIFORMES,RETROPINNIDAE,Prototroctes,oxyrhynchus,,,,,"Günther, 1870",
22148,Trigonoscuta yorbalindae,ANIMALIA,ARTHROPODA,INSECTA,COLEOPTERA,CURCULIONIDAE,Trigonoscuta,yorbalindae,,,,,"Pierce, 1975",
9066,Geonemertes rodericana,ANIMALIA,NEMERTINA,ENOPLA,HOPLONEMERTEA,PROSORHOCHMIDAE,Geonemertes,rodericana,,,,,"(Gulliver, 1879)",
21866,Thylacinus cynocephalus,ANIMALIA,CHORDATA,MAMMALIA,DASYUROMORPHIA,THYLACINIDAE,Thylacinus,cynocephalus,,,,,"(Harris, 1808)",No subspecies are recognised.
11163,Lagorchestes leporides,ANIMALIA,CHORDATA,MAMMALIA,DIPROTODONTIA,MACROPODIDAE,Lagorchestes,leporides,,,,,"(Gould, 1841)",No subspecies have been described.
15331,Onychogalea lunata,ANIMALIA,CHORDATA,MAMMALIA,DIPROTODONTIA,MACROPODIDAE,Onychogalea,lunata,,,,,"(Gould, 1841)",No subspecies are recognised
4322,Chaeropus ecaudatus,ANIMALIA,CHORDATA,MAMMALIA,PERAMELEMORPHIA,CHAEROPODIDAE,Chaeropus,ecaudatus,,,,,"(Ogilby, 1838)",No subspecies are recognised.
18761,Pteropus subniger,ANIMALIA,CHORDATA,MAMMALIA,CHIROPTERA,PTEROPODIDAE,Pteropus,subniger,,,,,"(Kerr, 1792)",
7121,Elaphurus davidianus,ANIMALIA,CHORDATA,MAMMALIA,CETARTIODACTYLA,CERVIDAE,Elaphurus,davidianus,,,,,"Milne-Edwards, 1866",
41320,Cryptonanus ignitus,ANIMALIA,CHORDATA,MAMMALIA,DIDELPHIMORPHIA,DIDELPHIDAE,Cryptonanus,ignitus,,,,,"(Díaz, Flores &amp; Barquez, 2002)","Díaz <i>et al.</i> (2002) described <i>Gracilinanus ignitus</i> as a new species. Voss <i>et al.</i> (2005) described a new genus, <i>Cryptonanus</i>, and transferred <i>G. ignitus</i> to this new genus."
14676,Nesophontes zamicrus,ANIMALIA,CHORDATA,MAMMALIA,EULIPOTYPHLA,NESOPHONTIDAE,Nesophontes,zamicrus,,,,,"Miller, 1929",
14673,Nesophontes micrus,ANIMALIA,CHORDATA,MAMMALIA,EULIPOTYPHLA,NESOPHONTIDAE,Nesophontes,micrus,,,,,"G.M. Allen, 1917",
14674,Nesophontes paramicrus,ANIMALIA,CHORDATA,MAMMALIA,EULIPOTYPHLA,NESOPHONTIDAE,Nesophontes,paramicrus,,,,,"Miller, 1929",
14672,Nesophontes hypomicrus,ANIMALIA,CHORDATA,MAMMALIA,EULIPOTYPHLA,NESOPHONTIDAE,Nesophontes,hypomicrus,,,,,"Miller, 1929",
20322,Solenodon marcanoi,ANIMALIA,CHORDATA,MAMMALIA,EULIPOTYPHLA,SOLENODONTIDAE,Solenodon,marcanoi,,,,,"(Patterson, 1962)",
18564,Pseudomys glaucus,ANIMALIA,CHORDATA,MAMMALIA,RODENTIA,MURIDAE,Pseudomys,glaucus,,,,,"Thomas, 1910",No subspecies are recognised.
14866,Notomys mordax,ANIMALIA,CHORDATA,MAMMALIA,RODENTIA,MURIDAE,Notomys,mordax,,,,,"Thomas, 1922",<p>No subspecies are recognised. Mahoney (1977) found that the single skull was distinct from other <em>Notomys</em> and that it was likely to be most closely related to Mitchell’s Hopping-mouse <em>N. mitchellii</em>.</p>
5223,Conilurus albipes,ANIMALIA,CHORDATA,MAMMALIA,RODENTIA,MURIDAE,Conilurus,albipes,,,,,"(Lichtenstein, 1829)",
11633,Leporillus apicalis,ANIMALIA,CHORDATA,MAMMALIA,RODENTIA,MURIDAE,Leporillus,apicalis,,,,,"(Gould, 1853)",
45958541,Notomys robustus,ANIMALIA,CHORDATA,MAMMALIA,RODENTIA,MURIDAE,Notomys,robustus,,,,,"Mahoney, Smith &amp; Medlin, 2008",
10168,Hippotragus leucophaeus,ANIMALIA,CHORDATA,MAMMALIA,CETARTIODACTYLA,BOVIDAE,Hippotragus,leucophaeus,,,,,"(Pallas, 1766)",
15568,Oryx dammah,ANIMALIA,CHORDATA,MAMMALIA,CETARTIODACTYLA,BOVIDAE,Oryx,dammah,,,,,"(Cretzschmar, 1826)",No subspecies or geographic variants have been described.
41888,Encephalartos heenanii,PLANTAE,TRACHEOPHYTA,CYCADOPSIDA,CYCADALES,ZAMIACEAE,Encephalartos,heenanii,,,,,R.A.Dyer,
19148,Lithobates fisheri,ANIMALIA,CHORDATA,AMPHIBIA,ANURA,RANIDAE,Lithobates,fisheri,,,,,"(Stejneger, 1893)","Morphological analyses support the view that <em>Lithobates fisheri</em> represents a distinct species (Jennings <em>et al.</em> 1995). Subpopulations from central Arizona and western New Mexico previously attributed to<em> L. chiricahuensis </em>have been suggested to belong to species on the basis of mtDNA analysis (Hekkala <em>et al</em>. 2011), however, this claim is disputed and is currently not recognized (Herrman<em> et al. </em>2021)."
56413,Craugastor anciano,ANIMALIA,CHORDATA,AMPHIBIA,ANURA,CRAUGASTORIDAE,Craugastor,anciano,,,,,"(Savage, McCranie &amp; Wilson, 1988)",This species was previously included in the genus <em>Eleutherodactylus</em> (Crawford and Smith 2005).
56782,Craugastor myllomyllon,ANIMALIA,CHORDATA,AMPHIBIA,ANURA,CRAUGASTORIDAE,Craugastor,myllomyllon,,,,,"(Savage, 2000)",This species was previously within the genus <em>Eleutherodactylus</em> (Crawford and Smith 2005).&#160;There is some doubt as to the correctness of the locality data associated with the specimen and there might also be taxonomic problems with this species (J. Savage pers. comm.).
56810,Craugastor omoaensis,ANIMALIA,CHORDATA,AMPHIBIA,ANURA,CRAUGASTORIDAE,Craugastor,omoaensis,,,,,"(McCranie &amp; Wilson, 1997)",This species was previously included in the genus <em>Eleutherodactylus</em> (Crawford and Smith 2005).
59376,Pseudoeurycea exspectata,ANIMALIA,CHORDATA,AMPHIBIA,CAUDATA,PLETHODONTIDAE,Pseudoeurycea,exspectata,,,,,"Stuart, 1954",
56605187,Diplazium laffanianum,PLANTAE,TRACHEOPHYTA,POLYPODIOPSIDA,POLYPODIALES,ATHYRIACEAE,Diplazium,laffanianum,,,,,(Baker) C.Chr.,
15949,Pantanodon madagascariensis,ANIMALIA,CHORDATA,ACTINOPTERYGII,CYPRINODONTIFORMES,POECILIIDAE,Pantanodon,madagascariensis,,,,,"(Arnoult, 1963)","The placement of <i>Pantanodon</i> is problematic. Based on the most recent studies, it should be placed under Poeciliidae (Parenti 1981, Ghedotti 2000) (J. Sparks pers. comm.)"
231,Acipenser dabryanus,ANIMALIA,CHORDATA,ACTINOPTERYGII,ACIPENSERIFORMES,ACIPENSERIDAE,Acipenser,dabryanus,,,,,"Duméril, 1869",
32059,Mangifera casturi,PLANTAE,TRACHEOPHYTA,MAGNOLIOPSIDA,SAPINDALES,ANACARDIACEAE,Mangifera,casturi,,,,,Kosterm.,<em>Mangifera casturi</em> Kosterm. belongs to Taxon Group two of Mango <em>M. indica</em> L.
62758119,Arachis rigonii,PLANTAE,TRACHEOPHYTA,MAGNOLIOPSIDA,FABALES,FABACEAE,Arachis,rigonii,,,,,Krapov. &amp; W.C.Greg.,"<em>Arachis rigonii</em> Krapov. &amp; W.C.Greg. is a tertiary wild relative of Peanut, <em>A. hypogaea</em> L., according to the Harlan and De Wet (1971) Gene Pool concept (USDA, Agricultural Research Service, National Plant Germplasm System 2020)."
62798275,Lepidium amissum,PLANTAE,TRACHEOPHYTA,MAGNOLIOPSIDA,BRASSICALES,BRASSICACEAE,Lepidium,amissum,,,,,de Lange et Heenan,
62798292,Lepidium obtusatum,PLANTAE,TRACHEOPHYTA,MAGNOLIOPSIDA,BRASSICALES,BRASSICACEAE,Lepidium,obtusatum,,,,,Kirk,
62798304,Logania depressa,PLANTAE,TRACHEOPHYTA,MAGNOLIOPSIDA,GENTIANALES,LOGANIACEAE,Logania,depressa,,,,,Hook.f.,
62798347,Trilepidea adamsii,PLANTAE,TRACHEOPHYTA,MAGNOLIOPSIDA,SANTALALES,LORANTHACEAE,Trilepidea,adamsii,,,,,(Cheeseman) Tiegh.,
63488699,Contomastix charrua,ANIMALIA,CHORDATA,REPTILIA,SQUAMATA,TEIIDAE,Contomastix,charrua,,,,,"Cabrera &amp; Carreira, 2009","<em>Contomastix charrua&#160;</em>was&#160;described from a population referred to&#160;<em>Cnemidophorus&#160;</em>(now&#160;<em>Contomastix</em>)&#160;<em>lacertoides&#160;</em>on the basis of differences in coloration, structure of the hyoid apparatus and geological history of the cape (Cabrera and Carreira 2009). Borteiro&#160;<em>et al.</em>(2013) found no morphological differences between the two taxa and referred&#160;<em>C. charrua&#160;</em>to the synonymy of&#160;<em>C. lacertoides.&#160;</em>S. Carreira (pers. comm. 2016) indicates that ongoing research has identified additional differences that may warrant recognizing<em>&#160;C. charrua</em>&#160;as a separate species, and recommends retaining&#160;<em>C. charrua&#160;</em>as a valid species pending comparison with material from the&#160;<em>C. lacertoides</em>&#160;type locality, which was not done by Borteiro<em>&#160;et al.</em>&#160;(2013)."
59445,Cynops wolterstorffi,ANIMALIA,CHORDATA,AMPHIBIA,CAUDATA,SALAMANDRIDAE,Cynops,wolterstorffi,,,,,"(Boulenger, 1905)",
37595,Lachanodes arborea,PLANTAE,TRACHEOPHYTA,MAGNOLIOPSIDA,ASTERALES,ASTERACEAE,Lachanodes,arborea,,,,,(Roxb.) B.Nord.,
37854,Acalypha rubrinervis,PLANTAE,TRACHEOPHYTA,MAGNOLIOPSIDA,MALPIGHIALES,EUPHORBIACEAE,Acalypha,rubrinervis,,,,,Cronk,
30560,Trochetiopsis erythroxylon,PLANTAE,TRACHEOPHYTA,MAGNOLIOPSIDA,MALVALES,MALVACEAE,Trochetiopsis,erythroxylon,,,,,(G.Forst.) Marais,
37598,Nesiota elliptica,PLANTAE,TRACHEOPHYTA,MAGNOLIOPSIDA,ROSALES,RHAMNACEAE,Nesiota,elliptica,,,,,(Roxb.) Hook.f.,
69620808,Galba vancouverensis,ANIMALIA,MOLLUSCA,GASTROPODA,HYGROPHILA,LYMNAEIDAE,Galba,vancouverensis,,,,,"(Baker, 1939)",
75927841,Conilurus capricornensis,ANIMALIA,CHORDATA,MAMMALIA,RODENTIA,MURIDAE,Conilurus,capricornensis,,,,,"Cramb &amp; Hocknull, 2010",
75927882,Pseudomys auritus,ANIMALIA,CHORDATA,MAMMALIA,RODENTIA,MURIDAE,Pseudomys,auritus,,,,,"Thomas, 1910",No subspecies are recognized.
168180,Plectostoma sciaphilum,ANIMALIA,MOLLUSCA,GASTROPODA,ARCHITAENIOGLOSSA,DIPLOMMATINIDAE,Plectostoma,sciaphilum,,,,,"(van Benthem-Jutting, 1952)",Recent taxonomic work by Liew Thorseng has shown that this species is part of the genus <em>                Plectostoma.&#160;</em>
19476,Rheobatrachus vitellinus,ANIMALIA,CHORDATA,AMPHIBIA,ANURA,MYOBATRACHIDAE,Rheobatrachus,vitellinus,,,,,"Mahony, Tyler &amp; Davies, 1984",
19475,Rheobatrachus silus,ANIMALIA,CHORDATA,AMPHIBIA,ANURA,MYOBATRACHIDAE,Rheobatrachus,silus,,,,,"Liem, 1973",
21529,Taudactylus acutirostris,ANIMALIA,CHORDATA,AMPHIBIA,ANURA,MYOBATRACHIDAE,Taudactylus,acutirostris,,,,,"(Andersson, 1916)",
21530,Taudactylus diurnus,ANIMALIA,CHORDATA,AMPHIBIA,ANURA,MYOBATRACHIDAE,Taudactylus,diurnus,,,,,"Straughan &amp; Lee, 1966",
4288,Rucervus schomburgki,ANIMALIA,CHORDATA,MAMMALIA,CETARTIODACTYLA,CERVIDAE,Rucervus,schomburgki,,,,,"(Blyth, 1863)","Giles (1937) stressed the close taxonomic relationship of this deer with <em>R. duvaucelii</em>, within which it was placed by Haltenorth (1963: 58), Groves (1982; tentatively) and Corbet and Hill (1992). It was considered a full species by Pocock (1943), who even assigned it to its own monotypic genus <em>Thaocervus</em>, and by Lekagul and McNeely (1977), Groves and Grubb (1987) and Pitra <em>et al</em>. (2004). Most sources during 1945 to 2015 placed the species in the genus <em>Cervus</em>."
33562,Ochrosia kilaueaensis,PLANTAE,TRACHEOPHYTA,MAGNOLIOPSIDA,GENTIANALES,APOCYNACEAE,Ochrosia,kilaueaensis,,,,,H.St.John,
38690,Roystonea stellata,PLANTAE,TRACHEOPHYTA,LILIOPSIDA,ARECALES,ARECACEAE,Roystonea,stellata,,,,,León,
86200874,Nobregaea latinervis,PLANTAE,BRYOPHYTA,BRYOPSIDA,HYPNALES,BRACHYTHECIACEAE,Nobregaea,latinervis,,,,,Hedenäs,
84768245,Fissidens microstictus,PLANTAE,BRYOPHYTA,BRYOPSIDA,DICRANALES,FISSIDENTACEAE,Fissidens,microstictus,,,,,Dixon &amp; Luisier,
87583558,Angraecopsis dolabriformis,PLANTAE,TRACHEOPHYTA,LILIOPSIDA,ASPARAGALES,ORCHIDACEAE,Angraecopsis,dolabriformis,,,,,(Rolfe) Schltr.,
87583728,Angraecum astroarche,PLANTAE,TRACHEOPHYTA,LILIOPSIDA,ASPARAGALES,ORCHIDACEAE,Angraecum,astroarche,,,,,Ridl.,
157719927,Chitala lopis,ANIMALIA,CHORDATA,ACTINOPTERYGII,OSTEOGLOSSIFORMES,NOTOPTERIDAE,Chitala,lopis,,,,,"(Bleeker, 1851)","This species is considered endemic to Java, and previous records of this  species from throughout the rest of Southeast Asia refer to other  species (Kottelat and Widjanarti 2005)."
22678955,Coturnix novaezelandiae,ANIMALIA,CHORDATA,AVES,GALLIFORMES,PHASIANIDAE,Coturnix,novaezelandiae,,,,,"Quoy & Gaimard, 1830",
22685156,Psephotellus pulcherrimus,ANIMALIA,CHORDATA,AVES,PSITTACIFORMES,PSITTACIDAE,Psephotellus,pulcherrimus,,,,,"(Gould, 1845)",<em>Psephotellus pulcherrimus</em> (del Hoyo and Collar 2014) was previously placed in the genus <em>Psephotus</em>.
22685437,Palaeornis wardi,ANIMALIA,CHORDATA,AVES,PSITTACIFORMES,PSITTACIDAE,Palaeornis,wardi,,,,,"(E. Newton, 1867)","<em>Palaeornis wardi&#160;</em>(Handbook of the Birds of the World and BirdLife International 2020) was previously listed as&#160;<em>Psittacula wardi</em><em>&#160;</em>(del Hoyo&#160;<em>et al.&#160;</em>2014).&#160;Braun&#160;<em>et al</em>. (2019) report the situation where the parrot genera&#160;<em>Psittinus</em>,&#160;<em>Tanygnathus</em>&#160;and&#160;<em>Mascarinus</em>&#160;nest genetically within&#160;<em>Psittacula</em>, meaning that either&#160;<em>Psittacula</em>&#160;replaces these latter three genera or it breaks down into monophyletic genera of their own. The latter course is preferred, building on Braun&#160;<em>et al</em>. (2016), where several genera were established or resurrected including&#160;<em>Palaeornis</em><em>&#160;</em>for&#160;<em>P.&#160;</em><em>eupatria</em><em>&#160;</em>and&#160;<em>P. wardi</em>."
22689496,Ninox albifacies,ANIMALIA,CHORDATA,AVES,STRIGIFORMES,STRIGIDAE,Ninox,albifacies,,,,,"(Gray, 1844)","Previously placed in monotypic genus<em> Sceloglaux </em>but moved to<em> Ninox</em> following Wood <em>et al.</em> (2017) and Salter <em>et al. </em>(2020). Geographical variation questionable, and size differences perhaps clinal; <em>rufifacies </em>sometimes synonymized with <em>albifacies</em>. Two subspecies tentatively recognized."
22691056,Pampusana salamonis,ANIMALIA,CHORDATA,AVES,COLUMBIFORMES,COLUMBIDAE,Pampusana,salamonis,,,,,"(Ramsay, 1882)","Previously (del Hoyo and Collar 2014) placed in the genus <em>Alopecoenas </em>and before that in the genus <em>Gallicolumba </em>but transferred to <em>Pampusana </em>on the grounds of the latter’s priority (Bruce <em>et al.</em> 2016). Closely allied to <em>P. sanctaecrucis</em> and (especially) <em>P. stairi</em>, and more distantly so to the <em>P. jobiensis</em> group. Monotypic."
22696558,Tachybaptus rufolavatus,ANIMALIA,CHORDATA,AVES,PODICIPEDIFORMES,PODICIPEDIDAE,Tachybaptus,rufolavatus,,,,,"(Delacour, 1932)",
22696615,Podiceps andinus,ANIMALIA,CHORDATA,AVES,PODICIPEDIFORMES,PODICIPEDIDAE,Podiceps,andinus,,,,,"(Meyer de Schauensee, 1959)",
22698593,Traversia lyalli,ANIMALIA,CHORDATA,AVES,PASSERIFORMES,ACANTHISITTIDAE,Traversia,lyalli,,,,,"(Rothschild, 1894)",
22704335,Moho bishopi,ANIMALIA,CHORDATA,AVES,PASSERIFORMES,MOHOIDAE,Moho,bishopi,,,,,"(Rothschild, 1893)",
22706052,Corvus hawaiiensis,ANIMALIA,CHORDATA,AVES,PASSERIFORMES,CORVIDAE,Corvus,hawaiiensis,,,,,"Peale, 1848",
22708559,Myadestes myadestinus,ANIMALIA,CHORDATA,AVES,PASSERIFORMES,TURDIDAE,Myadestes,myadestinus,,,,,"(Stejneger, 1887)",
22710836,Necropsar rodericanus,ANIMALIA,CHORDATA,AVES,PASSERIFORMES,STURNIDAE,Necropsar,rodericanus,,,,,"Slater, 1879",
22720784,Viridonia sagittirostris,ANIMALIA,CHORDATA,AVES,PASSERIFORMES,FRINGILLIDAE,Viridonia,sagittirostris,,,,,"Rothschild, 1892","<p><em>Viridonia sagittirostris</em> (del Hoyo and Collar 2016) was previously placed in the genus <em>Hemignathus</em> following AOU (1998 &amp; supplements); Brooks (2000); Sibley &amp; Monroe (1990, 1993).</p>"
22720852,Drepanis funerea,ANIMALIA,CHORDATA,AVES,PASSERIFORMES,FRINGILLIDAE,Drepanis,funerea,,,,,"Newton, 1893",
22728820,Turnagra tanagra,ANIMALIA,CHORDATA,AVES,PASSERIFORMES,ORIOLIDAE,Turnagra,tanagra,,,,,"(Schlegel, 1865)",
22728873,Cabalus modestus,ANIMALIA,CHORDATA,AVES,GRUIFORMES,RALLIDAE,Cabalus,modestus,,,,,"(Hutton, 1872)",Sometimes placed in genus <em>Gallirallus</em> or <em>Rallus</em>. Monotypic.
22732926,Pomarea fluxa,ANIMALIA,CHORDATA,AVES,PASSERIFORMES,MONARCHIDAE,Pomarea,fluxa,,,,,"Murphy & Mathews, 1928",
96986314,Bradycellus chavesi,ANIMALIA,ARTHROPODA,INSECTA,COLEOPTERA,CARABIDAE,Bradycellus,chavesi,,,,,"Alluaud, 1919",
16527,Pelusios seychellensis,ANIMALIA,CHORDATA,REPTILIA,TESTUDINES,PELOMEDUSIDAE,Pelusios,seychellensis,,,,,"(Siebenrock, 1906)",
97104847,Calathus extensicollis,ANIMALIA,ARTHROPODA,INSECTA,COLEOPTERA,CARABIDAE,Calathus,extensicollis,,,,,"Putzeys, 1863",
97111002,Calathus vicenteorum,ANIMALIA,ARTHROPODA,INSECTA,COLEOPTERA,CARABIDAE,Calathus,vicenteorum,,,,,"Schatzmayr, 1939",
178595,Emoia nativitatis,ANIMALIA,CHORDATA,REPTILIA,SQUAMATA,SCINCIDAE,Emoia,nativitatis,,,,,"(Boulenger, 1887)",
103192401,Tokea orthostichon,ANIMALIA,ANNELIDA,CLITELLATA,MEGADRILACEAE,MEGASCOLECIDAE,Tokea,orthostichon,,,,,"(Schmarda, 1861)","Michaelsen's contemporary, Ude (1905) thought his species&#160;<em>Notoscolex unipapillatus</em>&#160;may be the same as&#160;<em>T. orthostichon</em>&#160;but this was disputed by Blakemore (2012) and by current studies (Blakemore, unpublished).&#160; Of note is that the revision based on types by Michaelsen (1917) did not mention this similarity and showed the male pores to be radically different, both to&#160;<em>M. unipapillatus&#160;</em>and to Lee’s (1962) revision of London specimens of “<em>Megascolides orthostichon</em>” that Blakemore (2014) showed was&#160;<em>T. maorica</em>&#160;(see Blakemore 2014 fig. 12 comparisons with Benham’s original figures).&#160; Lee (1962) was seemingly unaware of Michaelsen’s (1917) revision and also missed his own (Lee 1959) review as another apparently significant difference is the spermathecal pores being segmental in&#160;<em>T. maorica</em>&#160;rather than intersegmental as in&#160;<em>T. unipapillata</em>.&#160; For&#160;<em>T. orthostichon&#160;</em>the spermathecal pore location was given by Lee (1959) as in 7/8/9 the same as&#160;<em>T. unipapillatus</em>&#160;but – as already noted – Michaelsen (1917) found the male pores and markings, at least, to differ conclusively for these two taxa.<br/><br/><em>Hypogaeon orthostichon</em>&#160;Schmarda (1861) was the first native earthworm formally described from Australasia.&#160; It was collected from Maunga Rei /&#160;<span class=""st"">Mount Wellington in Auckland, New Zealand by Ludwig Karl Schmarda sometime over a five week period of his visit in 1854.<span class=""st""><br/><span class=""st"">This species was reviewed by Benham (1905), Michaelsen (1917), Lee (1959) and Blakemore (2000, 2008, 2012) with new combination in&#160;<em>Tokea</em>&#160;by Blakemore (2014).</span><span class=""st""><span class=""st""><span class=""st""><br/></span></span><span class=""st""><span class=""st""><span class=""st"">Although the description of&#160;<span class=""st""><em>Tokea orthostichon</em>&#160;(Schmarda, 1861) was basic, and partly in Latin, it was standard orthodoxy for the time and quite adequate for this species that Schmarda collected at Maunga Rei /&#160;<span class=""st"">Mount Wellington in 1854 as part of a world tour.</span></span>"
185459,Nymphaea thermarum,PLANTAE,TRACHEOPHYTA,MAGNOLIOPSIDA,NYMPHAEALES,NYMPHAEACEAE,Nymphaea,thermarum,,,,,Eb.Fisch.,
22720738,Dysmorodrepanis munroi,ANIMALIA,CHORDATA,AVES,PASSERIFORMES,FRINGILLIDAE,Dysmorodrepanis,munroi,,,,,"Perkins, 1919",
113204000,Persoonia laxa,PLANTAE,TRACHEOPHYTA,MAGNOLIOPSIDA,PROTEALES,PROTEACEAE,Persoonia,laxa,,,,,L.A.S.Johnson &amp; P.H.Weston,
12081,Erythrolamprus perfuscus,ANIMALIA,CHORDATA,REPTILIA,SQUAMATA,DIPSADIDAE,Erythrolamprus,perfuscus,,,,,"(Cope, 1862)",
44579175,Alinea luciae,ANIMALIA,CHORDATA,REPTILIA,SQUAMATA,SCINCIDAE,Alinea,luciae,,,,,"(Garman, 1887)",
103824105,Loxops wolstenholmei,ANIMALIA,CHORDATA,AVES,PASSERIFORMES,FRINGILLIDAE,Loxops,wolstenholmei,,,,,"Rothschild, 1893","<p><em>Loxops coccineus</em>,<em> L. ochraceus</em> and<em> L. wolstenholmei</em> (del Hoyo and Collar 2016) were previously lumped as<em> L. coccineus </em>following AOU (1998 &amp; supplements); Sibley &amp; Monroe (1990, 1993).</p>  <p>&#160;</p>"
22735592,Acrocephalus musae,ANIMALIA,CHORDATA,AVES,PASSERIFORMES,ACROCEPHALIDAE,Acrocephalus,musae,,,,,"(Forster, 1844)","<p><em>Acrocephalus caffer, A. musae </em>and<em> A. longirostris</em> (del Hoyo and Collar 2016) were previously lumped as <em>A. caffer</em> following Sibley and Monroe (1990, 1993).</p>"
54583,Anaxyrus baxteri,ANIMALIA,CHORDATA,AMPHIBIA,ANURA,BUFONIDAE,Anaxyrus,baxteri,,,,,"(Porter, 1964)",
62254534,Columba thiriouxi,ANIMALIA,CHORDATA,AVES,COLUMBIFORMES,COLUMBIDAE,Columba,thiriouxi,,,,,"Hume, 2011",<em>Columba thiriouxi</em> (del Hoyo and Collar 2014) was newly described from subfossil records by Hume (2011).
62257034,Nesoenas cicur,ANIMALIA,CHORDATA,AVES,COLUMBIFORMES,COLUMBIDAE,Nesoenas,cicur,,,,,"Hume, 2011",<em>Nesoenas cicur </em>(del Hoyo and Collar 2014) was newly described from subfossil records by Hume (2011).
103780078,Acrocephalus luscinius,ANIMALIA,CHORDATA,AVES,PASSERIFORMES,ACROCEPHALIDAE,Acrocephalus,luscinius,,,,,"(Quoy &amp; Gaimard, 1830)","<p><em>Acrocephalus luscinius, A. hiwae, A. yamashinae, A. astrolabii </em>and<em> A. nijoi </em>(del Hoyo and Collar 2016) were previously lumped as <em>A. luscinius</em> following Sibley &amp; Monroe (1990, 1993).</p>"
103780109,Acrocephalus nijoi,ANIMALIA,CHORDATA,AVES,PASSERIFORMES,ACROCEPHALIDAE,Acrocephalus,nijoi,,,,,"(Yamashina, 1940)","<p><em>Acrocephalus luscinius, A. hiwae, A. yamashinae, A. astrolabii </em>and<em> A. nijoi </em>(del Hoyo and Collar 2016) were previously lumped as <em>A. luscinius</em> following Sibley &amp; Monroe (1990, 1993).</p>"
103780103,Acrocephalus yamashinae,ANIMALIA,CHORDATA,AVES,PASSERIFORMES,ACROCEPHALIDAE,Acrocephalus,yamashinae,,,,,"(Taka-Tsukasa, 1931)","<p><em>Acrocephalus luscinius, A. hiwae, A. yamashinae, A. astrolabii </em>and<em> A. nijoi </em>(del Hoyo and Collar 2016) were previously lumped as <em>A. luscinius</em> following Sibley &amp; Monroe (1990, 1993).</p>"
22728910,Akialoa obscura,ANIMALIA,CHORDATA,AVES,PASSERIFORMES,FRINGILLIDAE,Akialoa,obscura,,,,,"(Gmelin, 1788)",<em>Akialoa obscura</em> (del Hoyo and Collar 2016) was previously placed in the genus <em>Hemignathus</em> and listed as <em>H. obscurus </em>following AOU (1998 &amp; supplements); Brooks (2000).  <em> <p></p></em>
123986030,Agave lurida,PLANTAE,TRACHEOPHYTA,LILIOPSIDA,ASPARAGALES,ASPARAGACEAE,Agave,lurida,,,,,Aiton,
117319979,Etlingera heyneana,PLANTAE,TRACHEOPHYTA,LILIOPSIDA,ZINGIBERALES,ZINGIBERACEAE,Etlingera,heyneana,,,,,(Valeton) R.M.Sm.,
126608606,Hesperelaea palmeri,PLANTAE,TRACHEOPHYTA,MAGNOLIOPSIDA,LAMIALES,OLEACEAE,Hesperelaea,palmeri,,,,,A.Gray,
126612397,Deppea splendens,PLANTAE,TRACHEOPHYTA,MAGNOLIOPSIDA,GENTIANALES,RUBIACEAE,Deppea,splendens,,,,,Breedlove &amp; Lorence,
126612753,Faramea chiapensis,PLANTAE,TRACHEOPHYTA,MAGNOLIOPSIDA,GENTIANALES,RUBIACEAE,Faramea,chiapensis,,,,,Borhidi,
12625,Notamacropus greyi,ANIMALIA,CHORDATA,MAMMALIA,DIPROTODONTIA,MACROPODIDAE,Notamacropus,greyi,,,,,"(Waterhouse, 1845)",No subspecies are recognised
14891,Notropis orca,ANIMALIA,CHORDATA,ACTINOPTERYGII,CYPRINIFORMES,LEUCISCIDAE,Notropis,orca,,,,,"Woolman, 1894",
22678486,Mitu mitu,ANIMALIA,CHORDATA,AVES,GALLIFORMES,CRACIDAE,Mitu,mitu,,,,,"(Linnaeus, 1766)",
136808736,Furcraea macdougallii,PLANTAE,TRACHEOPHYTA,LILIOPSIDA,ASPARAGALES,ASPARAGACEAE,Furcraea,macdougallii,,,,,Matuda,
136814105,Bourreria veracruzana,PLANTAE,TRACHEOPHYTA,MAGNOLIOPSIDA,BORAGINALES,EHRETIACEAE,Bourreria,veracruzana,,,,,G.Campos-Ríos &amp; F.Chiang,
140414966,Scleria chevalieri,PLANTAE,TRACHEOPHYTA,LILIOPSIDA,POALES,CYPERACEAE,Scleria,chevalieri,,,,,J.Raynal,
140416589,Eriocaulon inundatum,PLANTAE,TRACHEOPHYTA,LILIOPSIDA,POALES,ERIOCAULACEAE,Eriocaulon,inundatum,,,,,Moldenke,
140416686,Eriocaulon jordanii,PLANTAE,TRACHEOPHYTA,LILIOPSIDA,POALES,ERIOCAULACEAE,Eriocaulon,jordanii,,,,,(Moldenke) Meikle,
145283841,Beilschmiedia ningmingensis,PLANTAE,TRACHEOPHYTA,MAGNOLIOPSIDA,LAURALES,LAURACEAE,Beilschmiedia,ningmingensis,,,,,S.K.Lee &amp; Y.T.Wei,
18428,Psephurus gladius,ANIMALIA,CHORDATA,ACTINOPTERYGII,ACIPENSERIFORMES,POLYODONTIDAE,Psephurus,gladius,,,,,"(Martens, 1862)",
30392,Sophora toromiro,PLANTAE,TRACHEOPHYTA,MAGNOLIOPSIDA,FABALES,FABACEAE,Sophora,toromiro,,,,,(Phil.) Skottsb.,
31679,Euchorium cubense,PLANTAE,TRACHEOPHYTA,MAGNOLIOPSIDA,SAPINDALES,SAPINDACEAE,Euchorium,cubense,,,,,Ekman &amp; Radlk.,
35111,Myoporum rimatarense,PLANTAE,TRACHEOPHYTA,MAGNOLIOPSIDA,LAMIALES,SCROPHULARIACEAE,Myoporum,rimatarense,,,,,F.Brown,
38848,Guettarda retusa,PLANTAE,TRACHEOPHYTA,MAGNOLIOPSIDA,GENTIANALES,RUBIACEAE,Guettarda,retusa,,,,,C.Wright,
147088627,Monteverdia lineata,PLANTAE,TRACHEOPHYTA,MAGNOLIOPSIDA,CELASTRALES,CELASTRACEAE,Monteverdia,lineata,,,,,(C.Wright ex Griseb.) Biral,
149618647,Licaria mexicana,PLANTAE,TRACHEOPHYTA,MAGNOLIOPSIDA,LAURALES,LAURACEAE,Licaria,mexicana,,,,,(Brandegee) Kosterm.,
22690733,Ectopistes migratorius,ANIMALIA,CHORDATA,AVES,COLUMBIFORMES,COLUMBIDAE,Ectopistes,migratorius,,,,,"(Linnaeus, 1766)",
22685533,Cyanopsitta spixii,ANIMALIA,CHORDATA,AVES,PSITTACIFORMES,PSITTACIDAE,Cyanopsitta,spixii,,,,,"(Wagler, 1832)",
152357598,Amomum sumatranum,PLANTAE,TRACHEOPHYTA,LILIOPSIDA,ZINGIBERALES,ZINGIBERACEAE,Amomum,sumatranum,,,,,(Valeton) Skornick. &amp; Hlavatá,
103671170,Cichlocolaptes mazarbarnetti,ANIMALIA,CHORDATA,AVES,PASSERIFORMES,FURNARIIDAE,Cichlocolaptes,mazarbarnetti,,,,,"Mazar Barnett &amp; Buzzetti, 2014",
22702869,Philydor novaesi,ANIMALIA,CHORDATA,AVES,PASSERIFORMES,FURNARIIDAE,Philydor,novaesi,,,,,"Teixeira & Gonzaga, 1983",
136000,Pseudophilautus maia,ANIMALIA,CHORDATA,AMPHIBIA,ANURA,RHACOPHORIDAE,Pseudophilautus,maia,,,,,"(Meegaskumbura, Manamendra-Arachchi, Schneider &amp; Pethiyagoda, 2007)",
23156,Xiphophorus couchianus,ANIMALIA,CHORDATA,ACTINOPTERYGII,CYPRINODONTIFORMES,POECILIIDAE,Xiphophorus,couchianus,,,,,"(Girard, 1859)",
158037164,Pycnandra micrantha,PLANTAE,TRACHEOPHYTA,MAGNOLIOPSIDA,ERICALES,SAPOTACEAE,Pycnandra,micrantha,,,,,(Beauvis.) Munzinger &amp; Swenson,
10946,Juscelinomys candango,ANIMALIA,CHORDATA,MAMMALIA,RODENTIA,CRICETIDAE,Juscelinomys,candango,,,,,"Moojen, 1965",
164111324,Dombeya rodriguesiana,PLANTAE,TRACHEOPHYTA,MAGNOLIOPSIDA,MALVALES,MALVACEAE,Dombeya,rodriguesiana,,,,,F.Friedmann,
168623053,Syzygium humblotii,PLANTAE,TRACHEOPHYTA,MAGNOLIOPSIDA,MYRTALES,MYRTACEAE,Syzygium,humblotii,,,,,Labat &amp; Schatz,
169838762,Schizothorax saltans,ANIMALIA,CHORDATA,ACTINOPTERYGII,CYPRINIFORMES,CYPRINIDAE,Schizothorax,saltans,,,,,"Turdakov, 1955",
177653,Leiorhagium solemi,ANIMALIA,MOLLUSCA,GASTROPODA,LITTORINIMORPHA,TATEIDAE,Leiorhagium,solemi,,,,,"Haase &amp; Bouchet, 1998",
103823595,Hemignathus lucidus,ANIMALIA,CHORDATA,AVES,PASSERIFORMES,FRINGILLIDAE,Hemignathus,lucidus,,,,,"Lichtenstein, 1839","<p><em>Hemignathus lucidus</em>,<em> H. hanapepe</em> and<em> H. affinis</em> (del Hoyo and Collar 2016) were previously lumped as<em> H. lucidus </em>following AOU (1998 &amp; supplements); Sibley &amp; Monroe (1990, 1993).</p>"
34040,Delissea undulata,PLANTAE,TRACHEOPHYTA,MAGNOLIOPSIDA,ASTERALES,CAMPANULACEAE,Delissea,undulata,,,,,Gaudich.,This species (<em>Delissea undulata</em>) was known from two varieties: <em>D. undulata</em> var. <em>undulata </em>and <em>D. u. var. argutidentata</em>. The variety from Hawai'i Island was elevated to <em>D. argutidentata</em> and the variety from Maui was elevated to <em>D. undulata</em>.
113168368,Leucadendron grandiflorum,PLANTAE,TRACHEOPHYTA,MAGNOLIOPSIDA,PROTEALES,PROTEACEAE,Leucadendron,grandiflorum,,,,,(Salisb.) R.Br.,
113166006,Leucadendron spirale,PLANTAE,TRACHEOPHYTA,MAGNOLIOPSIDA,PROTEALES,PROTEACEAE,Leucadendron,spirale,,,,,(Salisb. ex Knight) I.Williams,
4135,Barbodes pachycheilus,ANIMALIA,CHORDATA,ACTINOPTERYGII,CYPRINIFORMES,CYPRINIDAE,Barbodes,pachycheilus,,,,,"(Herre, 1924)",
12751,Barbodes resimus,ANIMALIA,CHORDATA,ACTINOPTERYGII,CYPRINIFORMES,CYPRINIDAE,Barbodes,resimus,,,,,"(Herre, 1924)",
15633,Barbodes palaemophagus,ANIMALIA,CHORDATA,ACTINOPTERYGII,CYPRINIFORMES,CYPRINIDAE,Barbodes,palaemophagus,,,,,"(Herre, 1924)",
15634,Barbodes truncatulus,ANIMALIA,CHORDATA,ACTINOPTERYGII,CYPRINIFORMES,CYPRINIDAE,Barbodes,truncatulus,,,,,"(Herre, 1924)",
18882,Barbodes amarus,ANIMALIA,CHORDATA,ACTINOPTERYGII,CYPRINIFORMES,CYPRINIDAE,Barbodes,amarus,,,,,"Herre, 1924",
18884,Barbodes baoulan,ANIMALIA,CHORDATA,ACTINOPTERYGII,CYPRINIFORMES,CYPRINIDAE,Barbodes,baoulan,,,,,"Herre, 1926",
18886,Barbodes clemensi,ANIMALIA,CHORDATA,ACTINOPTERYGII,CYPRINIFORMES,CYPRINIDAE,Barbodes,clemensi,,,,,"Herre, 1924",
18888,Barbodes disa,ANIMALIA,CHORDATA,ACTINOPTERYGII,CYPRINIFORMES,CYPRINIDAE,Barbodes,disa,,,,,"Herre, 1932",
18889,Barbodes flavifuscus,ANIMALIA,CHORDATA,ACTINOPTERYGII,CYPRINIFORMES,CYPRINIDAE,Barbodes,flavifuscus,,,,,"Herre, 1924",
18890,Barbodes herrei,ANIMALIA,CHORDATA,ACTINOPTERYGII,CYPRINIFORMES,CYPRINIDAE,Barbodes,herrei,,,,,"(Fowler, 1934)",
18891,Barbodes katolo,ANIMALIA,CHORDATA,ACTINOPTERYGII,CYPRINIFORMES,CYPRINIDAE,Barbodes,katolo,,,,,"Herre, 1924",
18892,Barbodes lanaoensis,ANIMALIA,CHORDATA,ACTINOPTERYGII,CYPRINIFORMES,CYPRINIDAE,Barbodes,lanaoensis,,,,,"Herre, 1924",
18901,Barbodes tras,ANIMALIA,CHORDATA,ACTINOPTERYGII,CYPRINIFORMES,CYPRINIDAE,Barbodes,tras,,,,,"Herre, 1926",
18904,Barbodes manalak,ANIMALIA,CHORDATA,ACTINOPTERYGII,CYPRINIFORMES,CYPRINIDAE,Barbodes,manalak,,,,,"Herre, 1924",
20687,Barbodes palata,ANIMALIA,CHORDATA,ACTINOPTERYGII,CYPRINIFORMES,CYPRINIDAE,Barbodes,palata,,,,,"Herre, 1924",
22728705,Amazona martinicana,ANIMALIA,CHORDATA,AVES,PSITTACIFORMES,PSITTACIDAE,Amazona,martinicana,,,,,"A. H. Clark, 1905",
22685776,Conuropsis carolinensis,ANIMALIA,CHORDATA,AVES,PSITTACIFORMES,PSITTACIDAE,Conuropsis,carolinensis,,,,,"(Linnaeus, 1758)",
21663,Tetradactylus eastwoodae,ANIMALIA,CHORDATA,REPTILIA,SQUAMATA,GERRHOSAURIDAE,Tetradactylus,eastwoodae,,,,,"Methuen &amp; Hewitt, 1913","This species is known from only two specimens, the holotype collected by E.A. Eastwood in November 1911, and another specimen collected by Vincent A. Wager in December 1928."
44979051,Scelotes guentheri,ANIMALIA,CHORDATA,REPTILIA,SQUAMATA,SCINCIDAE,Scelotes,guentheri,,,,,"Boulenger, 1887","There has been confusion regarding the identity of this species in the past. Raw (1973) assigned specimens from the KwaZulu-Natal Midlands to <em>Scelotes guentheri</em>, but these specimens were later described as <em>S. bourquini</em> (Broadley 1994). Because <em>S. guentheri</em> is known from only a single specimen, its taxonomic status remains uncertain, although most authors consider it valid (e.g., FitzSimons 1943, Broadley 1994, Branch 1998).<strong> </strong>The differences between these species are minor (the presence of a slightly higher ventral scale count, a postnasal scale and the absence of preanal pores) prompting Raw (2021) to suggest that <em>S. bourquini</em> should be synonymised with <em>S. guentheri</em>. However, this conclusion was based on the examination of limited material and therefore requires further data to confirm the result."
54561,Atelopus vogli,ANIMALIA,CHORDATA,AMPHIBIA,ANURA,BUFONIDAE,Atelopus,vogli,,,,,"Müller, 1934",This species was recognized as distinct from <em>Atelopus cruciger</em> by Lötters <em>et al.</em> (2004).
201462,Dicrogonatus gardineri,ANIMALIA,ARTHROPODA,ARACHNIDA,HOLOTHYROIDAE,HOLOTHYRIDAE,Dicrogonatus,gardineri,,,,,"(Warburton, 1912)",
9183,Gila crassicauda,ANIMALIA,CHORDATA,ACTINOPTERYGII,CYPRINIFORMES,LEUCISCIDAE,Gila,crassicauda,,,,,"(Baird & Girard, 1854)",
8706,Fundulus albolineatus,ANIMALIA,CHORDATA,ACTINOPTERYGII,CYPRINODONTIFORMES,FUNDULIDAE,Fundulus,albolineatus,,,,,"Gilbert, 1891",
62184893,Aegolius gradyi,ANIMALIA,CHORDATA,AVES,STRIGIFORMES,STRIGIDAE,Aegolius,gradyi,,,,,"Olson, 2012",<em>Aegolius gradyi</em> (del Hoyo and Collar 2014) was newly described from fossil remains by Olson (2012).
22728892,Caracara lutosa,ANIMALIA,CHORDATA,AVES,FALCONIFORMES,FALCONIDAE,Caracara,lutosa,,,,,"Ridgway, 1876",
22724314,Quiscalus palustris,ANIMALIA,CHORDATA,AVES,PASSERIFORMES,ICTERIDAE,Quiscalus,palustris,,,,,"(Swainson, 1827)",
216881863,Govenia floridana,PLANTAE,TRACHEOPHYTA,LILIOPSIDA,ASPARAGALES,ORCHIDACEAE,Govenia,floridana,,,,,P.M.Br.,"<p><em>Govenia floridana</em> was initially identified as the more widespread tropical species <em>Govenia utriculata </em>when discovered in 1957. However, the Florida population differs from <em>G. utriculata</em> in that the sheaths are not inflated, it is nearly polygonal in cross section, the column is prominently winged, and the petals are spotted (Greenwood 1991). Based on these differences, <em>Govenia floridana</em> was established as a distinct species by Brown (2000).</p>"
21286,Tachygyia microlepis,ANIMALIA,CHORDATA,REPTILIA,SQUAMATA,SCINCIDAE,Tachygyia,microlepis,,,,,"(Duméril &amp; Bibron, 1839)",
